domain,category,last_pos,length_tokens,prompt
book,NOUN,NOUN,16,"At the word, color flooded into Pesh's tan cheeks, and he broke eye"
book,NOUN,NOUN,16,"All colors coordinated beautifully, enhancing the feeling of the agency being a strong wedding group"
book,NOUN,NOUN,16,"Back at the apartment, the chauffer carried all the packages into the beautiful living room"
book,NOUN,NOUN,16,"Those three boys had been demons in the neighborhood and no one, absolutely no one"
book,NOUN,NOUN,16,"The tables crowded with talking, laughing patrons, music filling the air, the aroma"
book,NOUN,NOUN,16,"Michael drove her again and stood sentry inside, not close enough to hear what sophie"
book,NOUN,NOUN,16,"As we drove home in silence, I leaned my throbbing head against the cold window"
book,NOUN,NOUN,16,"Maybe I was being paranoid or, worse yet, developing a severe case of schizophrenia"
book,NOUN,NOUN,17,"A single phone call had made me feel like my life had ended, but two sentences"
book,NOUN,NOUN,16,"The picture is clearer... more vivid, but I think you lose that original quality"
book,NOUN,NOUN,16,"After locking the door, I made my way back to the bedroom, finding Leah"
book,NOUN,NOUN,16,"Otherwise, I'd be in sheer panic at this moment, wondering if my son"
book,NOUN,NOUN,16,"I don't want to turn your office into a mini daycare ""Meg"
book,NOUN,NOUN,16,"Arie did spend the rest of the morning moping around the house, the very thing"
book,NOUN,NOUN,16,With a a guttural explosion of frustration Lani whirled around and marched back into the suite
book,NOUN,NOUN,16,"Richard, ever the loving grandpa, had been there, playing with four-year"
book,NOUN,NOUN,16,"The room was dark, but the windows were open and the lightning was enough light"
book,NOUN,NOUN,16,All the hurt and tears I had suppressed and worked through since getting on the plane
book,NOUN,NOUN,16,Everything was coming together nicely and Arielle would be Mrs. Zach Forsythe by the end
book,NOUN,NOUN,16,"Before Marshall had an interest and ran the studio in LA, it seemed that Merger"
book,PROPN,PROPN,16,"Born and raised on the double-bar-k ranch in Chance Creek, Montana"
book,PROPN,PROPN,16,"Prologue ""We're not for sale, Mrs. Larson,"" Lucien"
book,PROPN,PROPN,16,"As the doorman opened the door for us as we pulled up to Mele, Marshall"
book,PROPN,PROPN,18,"After a few verbal exchanges the waiter walked away and Julian moved toward them, smiling at Camille"
book,PROPN,PROPN,16,"Papa couldn't do anything legally, and now, thanks to uncle Edouard, Papa"
book,PROPN,PROPN,18,"Even if Fletcher and Max Hathaway were friends as well as colleagues, Paul was based in Sydney"
book,PROPN,PROPN,16,I pull on the new thigh-length black boots that I picked up from Camden
book,PROPN,PROPN,20,"Justice cursed inwardly, wishing to Hell his housekeeper had picked some other time to take a cruise to Jamaica"
book,PROPN,PROPN,18,"After a moment's thought, Whitney wrote to Clayton and explained that she had come to London"
book,PROPN,PROPN,16,"Whitney told herself she would try once more, just once more, to make Clayton"
book,PROPN,PROPN,26,"Sheridan blinked, warily surveying the woman who had obviously devised this entire banbury tale as some form of diabolical torture designed to break down Sheridan"
book,PROPN,PROPN,18,"Whitney listened to this light repartee in a state of angry, humiliated pain, wondering if Clayton"
book,PROPN,PROPN,21,"Matt jumped out of his chair and headed around the table, Levinson grabbed for his sleeve and missed, Stuart"
book,PROPN,PROPN,16,"If I move in with you right away, my credibility as an officer of Bancroft"
book,PROPN,PROPN,17,"After being-somewhat unjustly-arrested for attempted auto theft, Julie was put into Dr"
book,PROPN,PROPN,20,"When Ted and Katherine's marriage fell apart, Katherine had gone back to college and then moved to Dallas"
book,PROPN,PROPN,19,A plane ticket for the four O'clock flight to Mexico city will be waiting for you at the Aero
book,PROPN,PROPN,22,A middle-aged couple shivered in the cold while a nervous elderly couple struggled to step up onto the range Rover
book,PROPN,PROPN,16,Addelson's thick hair was the strange grayish yellow blond that seemed more common in Texas
book,PROPN,PROPN,21,"I'm willing to stay in town as much as I can, but there is no reason for Julie"
book,PUNCT,PUNCT,16,"Of course your furnishings and materials will be on a much grander scale, but..."
book,PUNCT,PUNCT,17,"For some reason, the light couldn't seem to penetrate the darkness of the room,"
book,PUNCT,PUNCT,16,"When Emma had gasped in disbelief at the amazing stones glittering from the black velvet,"
book,PUNCT,PUNCT,17,Your version is more comprehensive and inclusive and definitely should be heard by a wider audience.
book,PUNCT,PUNCT,16,"Sierra was about to decline, not wanting to be around when the extremely tall,"
book,PUNCT,PUNCT,19,"The man was a legend, not just within the ATI community but in the information technology industry."
book,PUNCT,PUNCT,16,"There are a few people on the bench who might be able to help you,"
book,PUNCT,PUNCT,17,"Pink and brown dots surrounded the curly letters, underneath was a name, Daisy Barnes,"
book,PUNCT,PUNCT,16,"Little girls like to imagine things like that, or even starting a detective agency,"
book,PUNCT,PUNCT,17,The sound of four paws scampering across hardwood floors and the incessant barking of a pint-
book,PUNCT,PUNCT,16,I grabbed one of the bubbly glasses of champagne bobbing around the rooms on gold-
book,PUNCT,PUNCT,17,"Andre was laughing, Claudette was gushing, and Lecie was declaring Camille's sentiments as,"
book,PUNCT,PUNCT,19,"Now Ginny's odd idiosyncrasies during the past few months, and especially the last couple of weeks,"
book,PUNCT,PUNCT,16,"Quin headed off to the kitchen to make coffee and Nicole turned to Evita Gallardo,"
book,PUNCT,PUNCT,16,All you've done since arriving at your grandfather's home the other night...
book,PUNCT,PUNCT,17,"Preferring not to be connected to the driver of the BMW, he removed his cap,"
book,PUNCT,PUNCT,20,Sally could hardly believe it was a real Monet -one of the great artist's paintings of waterlilies-
book,PUNCT,PUNCT,17,Having worked the past three months with Lynda Twiggley whose pr agency organised events for a-
book,PUNCT,PUNCT,16,The rest of the furnishings came on Thursday: beautiful gold and ivory table lamps;
book,PUNCT,PUNCT,16,"I look away from the stage and see Billie go up to Lana and Blake,"
book,ADP+PART,ADP,16,"Before Alea could answer, Kalil appeared in the doorway dressed in a dark suit with"
book,ADP+PART,ADP,16,Jake shifted to join Hannah where she leaned against the headboard and drew the covers up
book,ADP+PART,PART,16,I'll be able to find just the right place for you if you don't
book,ADP+PART,ADP,16,"When I make love to you, I want a bed and absolute privacy along with"
book,ADP+PART,PART,16,"I knew I sounded defensive, but for the life of me, I couldn't"
book,ADP+PART,ADP,16,"The ring was in my pocket, like a beacon and symbol for the rest of"
book,ADP+PART,ADP,16,"After slipping on my jewelry, I hopped down the stairs, trying to focus on"
book,ADP+PART,ADP,16,Soon after the sun slid behind the horizon rock drove back to Paradise island and to
book,ADP+PART,ADP,16,"Each thrust filled me with pleasure, my pu**y trying to take more and more of"
book,ADP+PART,ADP,16,"Although Jade had excitedly explained the progress in the other rooms, Angelo looked down at"
book,ADP+PART,ADP,17,"Somehow, the exercise didn't work as well with Gaston standing on the other side of"
book,ADP+PART,ADP,17,No wonder Alicia and Joe were such a powerful couple and had risen to such heights within
book,ADP+PART,ADP,18,"Celsius was tonight's star, but the group had chosen to perform as the opening act for"
book,ADP+PART,PART,16,"Ten minutes after leaving ellen's studio, Saffi was helplessly trying to dodge Staffan's"
book,ADP+PART,ADP,17,"We met halfway, and Constantijin's arm immediately curved around my waist, the possessiveness in"
book,ADP+PART,ADP,17,I'll text you later this week-maybe you'll be in a better frame of
book,ADP+PART,ADP,16,"Condoms, lube, and every other contraceptive device known to man and woman were on"
book,ADP+PART,ADP,16,The blue walls boasted dark yellow molding that ran around the circumference of the room at
book,ADP+PART,ADP,16,Every window sported a view of the surrounding forest and the deep ravine that tracked off
book,ADP+PART,ADP,17,Like a hypnotic state of nonsensical merry-go-round of emotions with no chance in
book,VERB,VERB,16,Remember that picture you took of me sleeping in your bed-the one I put
book,VERB,VERB,16,"We'll serve Morgan's wines at all our dinners, and our guests can tour"
book,VERB,VERB,16,"Without another word, Jocelyn pulled sophie along to the stairs where the two women talked"
book,VERB,VERB,16,Curled up on my bed with a bottle of Tequila had made it easy to forget
book,VERB,VERB,16,The cops didn't think Natalie had the ability to run surveillance or had anyone working
book,VERB,VERB,16,Who would have known that such a tiny child would have the gray matter to plan
book,VERB,VERB,16,"My screams of joy must have echoed through the whole house, and I could tell"
book,VERB,VERB,16,Our teeth clicked together because we were both smiling so broadly that we couldn't stop
book,VERB,VERB,17,"As soon as the last horse was guided into place, the front of the chutes flew"
book,VERB,VERB,16,"With this company, you and your family, including your father, will never have"
book,VERB,VERB,16,I wish I could have gone to college and done something different instead of being baked
book,VERB,VERB,16,"Sam took a sip of wine before answering, trying to figure out how to define"
book,VERB,VERB,16,I wasn't brought up like you or the other women you've been escorting
book,VERB,VERB,16,All the attendants had keys to the bathrooms in case of an emergency and rashid considered
book,VERB,VERB,16,"On one side, the black-glass buffet table was illuminated from below, making"
book,VERB,VERB,16,"I had never been a limelight-hogger, but that didn't mean I sucked"
book,VERB,VERB,16,"Conscious of the wide-eyed stare from the cashier, I snapped my mouth shut"
book,VERB,VERB,16,Bella's gone out of town for the next couple of days and needs to concentrate
book,VERB,VERB,17,"The man had an uncanny way of pegging people, and Logan didn't want to attract"
book,VERB,VERB,16,"Furniture and clothes were newly purchased and non-descript, which wasn't surprising considering"
book,DET,DET,16,"You"" ll have to make sure to save some time for me once in a"
book,DET,DET,16,"There wasn't much inside yet, but thankfully there was a comfortable bed with a"
book,DET,DET,16,"Ethan Cruz said, hauling a pile of folding chairs for the wedding out of the"
book,DET,DET,16,In the general confusion of climbing down from the corral fence and heading back to the
book,DET,DET,16,"Cab asked tracey as he settled in a booth at Linda's diner, sending a"
book,DET,DET,16,"Bella had left the office for an hour to visit more housing possibilities, but that"
book,DET,DET,16,"When Fila entered the cruz big house with Ned later that night, most of the"
book,DET,DET,16,The babies started waking up and demanding to be fed so Elissa and Veronica spent the
book,DET,DET,16,Epilogue the wedding of duke and suave Davidoff was the talk of the town and the
book,DET,DET,16,Songs would be written about this moment and scholars would look back and say that this
book,DET,DET,16,"Then, before Heather's eyes, the woman turned from a doting grandmother into a"
book,DET,DET,16,"I can't believe my grandfather's house is gone..."" emily looked at the"
book,DET,DET,16,"Nancy, emma and Jason all stared at the driver who looked from one to the"
book,DET,DET,16,"When the ballet let out, several of Max's friends met them outside in the"
book,DET,DET,16,Not even carpeting since the enormous room was done in shiny hardwood that beautifully reflected the
book,DET,DET,16,The man was a born leader with a decisive personality and the intelligence to absorb a
book,DET,DET,16,"Gabriel had never had such a quiet meal with a date, and not just any"
book,DET,DET,17,"Instead, I opted to nurse a snifter of cognac and stared at the view of the"
book,DET,DET,21,The possibilities seemed endless-I had outsmarted the criminal defense lawyer who I used to look up to with a
book,DET,DET,18,"Lecie rattled it off and Tasha relayed it to the caller, then ended the call with an"
book,ADJ,ADJ,16,"Yours was the only marriage I'd witnessed and at the time, I was afraid"
book,ADJ,ADJ,16,I can make people goo-goo about the tulips in the spring and the various
book,ADJ,ADJ,16,"One week and several different avoidance tactics later, I was still dealing with my horrible"
book,ADJ,ADJ,16,"Luckily, probably startled by the commotion, some birds in the bushes at the other"
book,ADJ,ADJ,16,"There was the disastrous purchase of rapid films, the incident with Zena, the desperate"
book,ADJ,ADJ,16,"Instead, the walls were a softly elegant shade of ivory accentuated by wainscoting of deep"
book,ADJ,ADJ,16,"I was having the most amazing dream, and you woke me right at the interesting"
book,ADJ,ADJ,16,That you think all the other people who needed a portion of your time were higher
book,ADJ,ADJ,16,"The fifteen members discussed cultural differences that might impact different programs, gender problems, legal"
book,ADJ,ADJ,16,"I'd wager that I know more about these stores than anyone, including the present"
book,ADJ,ADJ,16,"Make you appear unworthy, incapable of fulfilling the position my wife would assume in european"
book,ADJ,ADJ,18,I love you so much I can hardly bear to be parted from you even for a little
book,ADJ,ADJ,20,"Particularly the bride and groom, who behaved as though the sun and the stars shone out of each other"
book,ADJ,ADJ,17,This baby was shockingly tiny and all swaddled up like a miniature egyptian mummy in a blue
book,ADJ,ADJ,21,"When Jesse kissed her, Bella was swept away by the magic of the moment and the heat and the delirious"
book,ADJ,ADJ,20,"You said yourself you wanted to be a mother, that's why you didn't wait for a perfect"
book,ADJ,ADJ,17,The dozen or so people who had worked so hard stood in a circle congratulating each other
book,ADJ,ADJ,16,Which meant that the next two sex-less months were going to be even harder
book,ADJ,ADJ,17,"Surrendering to the inevitable, rose dug in the bag for a doughnut, took a healthy"
book,ADJ,ADJ,22,"Teresa took a seat in the narrow, nearly empty lobby, ignored the small television on the wall playing an old"
book,PRON,PRON,16,"Lightning danced across the sky, blue and green and full of venom, but I"
book,PRON,PRON,16,"To touch things that were little windows into the souls of painters, to hold something"
book,PRON,PRON,16,"My mother is originally from Sardinia, so I went there for summer holidays while my"
book,PRON,PRON,16,"The rich caramel leather seats on the jet were so soft and beautiful, and there"
book,PRON,PRON,16,I know that you're sweet and tender and you put yourself out there for anyone
book,PRON,PRON,16,"Noise filled the hall once more, most of which misty didn't understand because everyone"
book,PRON,PRON,16,A happy sexually satisfied staffan aehrenthal was a much easier employer to serve than someone who
book,PRON,PRON,16,"The knowledge that I was the cause of that happiness made me giddy, and I"
book,PRON,PRON,16,Christian suddenly remembered a little tidbit zoe'd inadvertently let slip out about Luke and his
book,PRON,PRON,16,Moments later a second cry filled the room accompanying the cries of the first baby that
book,PRON,PRON,16,"The only person I usually confide in was toby, but recent events had left my"
book,PRON,PRON,16,My bare shoulders shivered from the freezing wind that rushed over the icy water and my
book,PRON,PRON,24,Emily did not want to get out of the small outboard motorboat and climb up the ladder to the deck of a cruiser that
book,PRON,PRON,17,Which is also why I used the key you gave me to enter this house when there
book,PRON,PRON,16,"Out of spite, I should think, after the removalists had left to transport your"
book,PRON,PRON,16,"Perhaps you'd be good enough to deal with the disturbance, settle the interest that"
book,PRON,PRON,18,"I'm going to tell you something, then return to the wedding party and leave you"
book,PRON,PRON,17,The man at the reception desk greeted Ari enthusiastically and escorted them to a suite on what
book,PRON,PRON,17,"Billie goes to see her girlfriend three, no actually, four nights a week and I"
book,PRON,PRON,16,"Now, quit fretting over things you don't need to worry about and give me"
book,AUX,AUX,16,"Stuck with an empty mansion full of expensive furnishings, Carl needed a tenant he could"
book,AUX,AUX,16,"Edna was leaving, which meant that Nancy, Jonathan and even her mother would be"
book,AUX,AUX,16,"Add in perfect porcelain skin, legs that stretched into infinity and a waist that was"
book,AUX,AUX,16,"On previous nights had been soft and comfortable, the pink bow on the neckline was"
book,AUX,AUX,16,"Edward saw her and bent down low, so the kiss that had meant to be"
book,AUX,AUX,16,Laci only pointed out how excited I was about traveling and wondered if maybe I was
book,AUX,AUX,16,Prologue six years ago the wail of a police siren destroyed the silence in what was
book,AUX,AUX,17,"Once Simon Cabot made up his mind about something, nothing less than a nuclear strike would"
book,AUX,AUX,16,"A fifty-million dollar trust fund for Juliana, and any other children camille might"
book,AUX,AUX,16,Ten years ago a dreadful storm blew up during one of those races and hugh was
book,AUX,AUX,16,"I lean against the desk, hating myself, but unable to stop-nothing is"
book,AUX,AUX,20,"The entire planet-land, air and sea-has been poisoned by sheer greed, your food is"
book,AUX,AUX,18,I listen out for the unspoiled new voice and realize that all the other voices seem to have
book,AUX,AUX,16,The bed was wide and high and covered in a luxurious white silk duvet that had
book,AUX,AUX,19,"Light faded from the sky, the heavy clouds dropped even lower, and the flurries of snow were"
book,AUX,AUX,21,I'm happy to listen to whatever your complaints might be after you rent me a room so I can
book,AUX,AUX,21,"Even here, surrounded by the dozens of people still on the beach as the sun began setting, griffin was"
book,AUX,AUX,16,"The twins were babbling happily to each other and for the first time, penny did"
book,AUX,AUX,16,The police had never been able to pin a crime on the corettis and Rico had
book,AUX,AUX,19,"Our Arik is-""godfrey broke off as royce, who'd been watching Jennifer, thinking she'd"
book,CCONJ+SCONJ,SCONJ,16,"As much of a bastard as I am, the thought of pursuing one woman while"
book,CCONJ+SCONJ,CCONJ,16,"For about a week, a handful of photographers waited around outside the gate, but"
book,CCONJ+SCONJ,SCONJ,16,"Playing out in the sunshine, running along the green grass with rover and boy while"
book,CCONJ+SCONJ,CCONJ,16,The enormous house was set up high on the cliff looking out to the ocean and
book,CCONJ+SCONJ,CCONJ,16,A question that still made me feel uncomfortable to the point of wanting to leave and
book,CCONJ+SCONJ,SCONJ,16,Still holding Kylie with one arm pierce walked up the driveway and up the steps until
book,CCONJ+SCONJ,CCONJ,16,"As if taking the soft sound as invitation, Rafe's tentative touch became bolder and"
book,CCONJ+SCONJ,SCONJ,16,Mr. Hayes ' voice wafted through the high windows and asked the same question that
book,CCONJ+SCONJ,CCONJ,16,Jack's stomach twisted with oily nausea as brandy touched the scummy lawyer's arm and
book,CCONJ+SCONJ,CCONJ,16,I would never be able to wear that red dress without being incredibly self conscious and
book,CCONJ+SCONJ,SCONJ,16,"Eva sat back in her office chair, no longer cringing at the metallic squeak as"
book,CCONJ+SCONJ,SCONJ,16,"Father of the year was not in the future for Joseph Berutelli, she thought as"
book,CCONJ+SCONJ,CCONJ,16,"Only Zarah noticed the exchange since Sidra and rashid were busy with the photographer, and"
book,CCONJ+SCONJ,CCONJ,16,Obviously there was some sort of monitor in the car that automatically opened the gates and
book,CCONJ+SCONJ,SCONJ,16,Velvet's breath caught in a mixture of helpless excitement and terror of the unknown as
book,CCONJ+SCONJ,CCONJ,17,"Sasha jogged down the formerly grand staircase, dodged a lazy blackbeard sunning in the foyer and"
book,CCONJ+SCONJ,CCONJ,16,"The estate was beautiful, something out of a fairy tale, with flowering trees and"
book,CCONJ+SCONJ,SCONJ,17,"Dad got up, guiding me outside, out in our lawn, holding my hand as"
book,CCONJ+SCONJ,SCONJ,16,"The feeling of being stabbed-the same kind of emotions rolled off me, as"
book,CCONJ+SCONJ,CCONJ,16,"Imagine a bunch of nerds gearing up for the weekend, hopped up on redbull and"
book,ADV,ADV,16,I went for a long drive to cool down but by the time I got back
book,ADV,ADV,16,"With a wild yell, some kid tries to swing on the crystal chandelier, only"
book,ADV,ADV,16,"Riley's family is distinctly working-class, and the trappings of wealth have never"
book,ADV,ADV,16,"I must admit, while I had been dry-humping jackson, I'd completely"
book,ADV,ADV,16,"Head down, golden slid into the passenger's seat and watched as reed walked around"
book,ADV,ADV,16,"Bubbling with excitement, Blake rushed from dressing table to vanity to bed and back again"
book,ADV,ADV,16,My only ambition is to raise money so these poor children can enjoy a day away
book,ADV,ADV,16,"Otherwise you have a bang on the head, and we'll keep you in overnight"
book,ADV,ADV,16,"By the following Saturday night, she dressed in a simple white gown that fell elegantly"
book,ADV,ADV,17,"Reaching the doorknob, I waltzed back to my bedroom with blake lying on my bed fully"
book,ADV,ADV,16,"My mouth blurted out a question I never intended to ask, but one that always"
book,ADV,ADV,23,"I dab perfume-potent and specially created for me-behind my ears, on the insides of my wrists and then"
book,ADV,ADV,18,Brazenly I flip my skirt up towards my waist and present myself with my bare ass pushed high
book,ADV,ADV,17,"Hell, I tried to drag you into my old life, thinking that having you temporarily"
book,ADV,ADV,17,The fact that Eugenia was even now talking to rose doherty in a voice that carried clear
book,ADV,ADV,17,The furious man who'd stormed into colt's office only moments before took a step back
book,ADV,ADV,19,All we have is every day and the people we choose to spend our lives with-for however
book,ADV,ADV,19,"Whit-ney's beauty was a blossoming thing, a vividness of features and coloring that promised much"
book,ADV,ADV,21,"Of course, Stephen didn't want that sort of blessing, and Charise Lancaster wasn't likely to feel very"
book,ADV,ADV,17,"35 ""I feel like a guest in my own house,"" Stephen remarked ironically"
news,NOUN,NOUN,16,The much-coveted 23-year-old has been in excellent form this season
news,NOUN,NOUN,16,"Ella's series,""First and foremost I am,"" consists of 21 portraits"
news,NOUN,NOUN,16,Hear why there's controversy in the U.S. government over an upcoming speech by the leader
news,NOUN,NOUN,16,A Chilean miner stole the show at the World Pasty Championships by beating his Cornish competition
news,NOUN,NOUN,16,Two-thirds of the laws passed by Britain’s parliament over the past 22 years
news,NOUN,NOUN,16,A city in southern China has banned any new restaurants from making one of the region
news,NOUN,NOUN,16,"The pair were taken to the Royal London Hospital where Nick, a journalist and press"
news,NOUN,NOUN,16,A professor helping to identify 600 body parts belonging to the Germanwings crash victims said today
news,NOUN,NOUN,16,"Additionally, modern pot has very low levels of cannabidiol, or CBD, the compound"
news,NOUN,NOUN,16,Parents at Grey Coat Hospital School in Westminster have claimed they were asked for a payment
news,NOUN,NOUN,16,Boca Juniors striker Dani Osvaldo took team celebrations to a whole new level on Wednesday night
news,NOUN,NOUN,16,The lead guitarist of Black Sabbath has tried to appeal to the Indonesian president's love
news,NOUN,NOUN,16,A six-year-old girl was taken to hospital after drinking from a bottle
news,NOUN,NOUN,16,"Joey Poindexter, 40, (pictured) was convicted of sexually assaulting five young men"
news,NOUN,NOUN,16,Five people are confirmed dead and 25 more are missing and presumed dead after a shopping
news,NOUN,NOUN,16,"After supposedly inventing Mother's Day in his country four years ago, North Korean dictator"
news,NOUN,NOUN,16,Blackpool have signed winger Michael Jacobs from Wolves on loan until the end of the season
news,NOUN,NOUN,16,When Russian officials tried to trick the public by passing off old photos as new appearances
news,NOUN,NOUN,16,John Terry is going to cause Chelsea a huge problem in the future and the cost
news,NOUN,NOUN,17,The Blues restored their six-point lead over Manchester City with a 3-2 win
news,PROPN,PROPN,16,The live stream from what is believed to be the wreck of the World War II
news,PROPN,PROPN,16,"The slain officer, who was not immediately identified, was one of two Navajo Police"
news,PROPN,PROPN,16,These never-before-seen student photos of Susan obtained exclusively by Daily Mail Online
news,PROPN,PROPN,16,"Shown is a picture of Angelina Jolie, Maddox Chivan Jolie-Pitt and Brad Pitt"
news,PROPN,PROPN,16,"The woman, Melissa Higgins, is the director of the family day care centre Aussie"
news,PROPN,PROPN,16,"On last night's episode of the TLC obesity series My 600lbs Life, Laura Perez"
news,PROPN,PROPN,16,BT Sport have chosen to broadcast the FA Cup quarter-final replay between Blackburn
news,PROPN,PROPN,16,Slavisa Jokanovic affords himself a sneaky peak through the green mesh fence at Watford's London
news,PROPN,PROPN,17,Prosecutor Jolyon Perks told the court Pervical had started chatting to the victim over dating site Badoo
news,PROPN,PROPN,16,Police were called in to manage crowds and pacify irate commuters at one of Britain
news,PROPN,PROPN,16,The Paris Saint-Germain defender was recorded on the phone with UFC featherweight champion Aldo
news,PROPN,PROPN,17,Arsenal's fatigued talisman Alexis Sanchez failed to prevent Chile falling to a shock defeat by Iran
news,PROPN,PROPN,17,"Dili, East Timor (CNN) Stacey Addison, who says she was detained for months in East"
news,PROPN,PROPN,16,"The South Korean triumphed by two strokes from teen prodigy Lydia Ko, who took Park"
news,PROPN,PROPN,17,"Ashton Hughes was driving home from a doctor's appointment in Spartanburg, South Carolina on January"
news,PROPN,PROPN,17,In the clip a group of men can be seen riding horseback alongside a canal near Lockside
news,PROPN,PROPN,16,Jeremy Clarkson's replacement on Top Gear might not be too far away after Zenit
news,PROPN,PROPN,17,Scottish Premiership leaders Celtic remain on course for a domestic treble having defeated ten-men Dundee
news,PROPN,PROPN,17,Bradford City striker James Hanson boasts a rags-to-riches tale fit for any FA
news,PROPN,PROPN,16,The unnamed victim was reportedly leaning out of a fifth-floor unit at the Hanover
news,PUNCT,PUNCT,16,The citadel of Ait-Ben-Haddou in Morocco near Ouarzazate (pronounced Wa-
news,PUNCT,PUNCT,16,Britain’s top prosecutor was yesterday forced to deny conducting a ‘witch-hunt’
news,PUNCT,PUNCT,16,"Striking a Kim-like pose, this is Kit Kardashian the nine-year-"
news,PUNCT,PUNCT,16,"The Kevin Pietersen storyline is a good 'un, full of rage, intrigue and hypocrisy."
news,PUNCT,PUNCT,17,The surgery repaired a fracture to the zygomatic arch of the NBA star's right cheek.
news,PUNCT,PUNCT,16,Actress Laura Dern's toned shoulders look to be the result of much gym dedication.
news,PUNCT,PUNCT,17,"Mollie Guillaume, 87, is retired and lives in Chigwell, Essex with her sister,"
news,PUNCT,PUNCT,16,Gary Cahill has hinted Chelsea are feeling the pressure of the Premier League title run-
news,PUNCT,PUNCT,16,"Police are searching for the owners of a collection of gold and silver bullion,"
news,PUNCT,PUNCT,18,"Singapore remains the world’s most expensive city to live with sky-high prices for clothes,"
news,PUNCT,PUNCT,18,Taking over: Carole Middleton is to fill in while William and Kate find new household staff.
news,PUNCT,PUNCT,16,You could literally fry an egg on the tarmac at the Sepang circuit on Friday.
news,PUNCT,PUNCT,17,Kelly Jane Richards has been told she could face prison for having sex with a 15-
news,PUNCT,PUNCT,16,"Miss Sayle has been hosting the parties for the ‘sexual elite’ at secret,"
news,PUNCT,PUNCT,17,Britain's courts are ‘seriously weakening’ the fight against terrorism by ‘trotting along’
news,PUNCT,PUNCT,19,Michel Platini has backed Football Association chairman Greg Dyke's plan to increase the minimum number of home-
news,PUNCT,PUNCT,16,Randall Miller pleaded guilty to involuntary manslaughter and criminal trespass Monday morning in Wayne County (
news,PUNCT,PUNCT,17,Holidaymakers could be recruited alongside students and housewives to form an army of so-called ‘
news,PUNCT,PUNCT,16,At least 40 passengers have suffered injuries after an Amtrak train crashed into a tractor-
news,PUNCT,PUNCT,18,The dishes served at Amélies in Porthleven were designed and approved by the restaurant owner's six-
news,ADP+PART,ADP,16,Liverpool goalkeeper Simon Mignolet is a doubt for Belgium's internationals with Cyprus and Israel after
news,ADP+PART,ADP,16,"The video, seen by DailyMail.com, shows the apparently drunk man pull the animal from"
news,ADP+PART,PART,16,Steel structures of the new Main Stand are already starting to take shape with work to
news,ADP+PART,PART,16,A team of Norwegian researchers has identified two sets of genes that cause some creatures to
news,ADP+PART,ADP,16,The scene in the Gibraltar apartment where a British father was stabbed to death alongside
news,ADP+PART,ADP,16,Vladimir Putin honoured the man Scotland Yard believes poisoned dissident Alexander Litvinenko (pictured) with
news,ADP+PART,ADP,16,The 22-year-old has impressed in what has been a difficult season for
news,ADP+PART,ADP,16,An Illinois Army National Guard soldier vowed to bring 'the flames of war' to
news,ADP+PART,ADP,16,"For years, Nicklas Bendtner has unofficially held the title of Lord, albeit mostly in"
news,ADP+PART,ADP,16,"While Harry Kane was scoring on his debut for England, Alvaro Morata was scoring on"
news,ADP+PART,ADP,17,The United States held on for 1-1 draw with Switzerland in an international friendly on
news,ADP+PART,ADP,17,"The supporter, 44-year-old Nick Cruwys, was on his way to"
news,ADP+PART,ADP,17,James Milner scored Manchester City's second goal in Wednesday night's 2-0 win over
news,ADP+PART,PART,16,One Exeter University student did just that-ditching a degree in German and Philosophy to
news,ADP+PART,PART,16,Micro-pigs assuming the identities of race horses have been pitted against each other to
news,ADP+PART,ADP,16,"Teacher Jennifer Thompson, 52, failed to report a student who allegedly took moonshine to"
news,ADP+PART,ADP,17,Higher earners are to benefit from the first real terms rise in the 40p tax threshold for
news,ADP+PART,PART,16,The reality TV star and fashion designed attended the UK premiere party for E!'s
news,ADP+PART,ADP,16,"Pupils were also told to carry out searches of training areas, ranges and accommodation before"
news,ADP+PART,ADP,16,White House hopeful Ted Cruz says he's already received more than $1 million in
news,VERB,VERB,16,"WASHINGTON (CNN) During his upcoming speech to Congress, Israeli Prime Minister Benjamin Netanyahu will lay"
news,VERB,VERB,16,"Dr Hilary Cass, president of the Royal College of Paediatrics and Child Health which commissioned"
news,VERB,VERB,16,"Die Welt, a German newspaper, cited an unidentified senior investigator who said Lubitz suffered"
news,VERB,VERB,16,When Louis van Gaal has time between figuring out the Angel di Maria conundrum and plotting
news,VERB,VERB,16,Police say a woman in an SUV followed the mother of Eliza Delacruz as she rode
news,VERB,VERB,16,George North should be stopped from playing rugby until the World Cup in September after suffering
news,VERB,VERB,16,Kathryn had made enough of a recovery to walk down the aisle in 2012 to tie
news,VERB,VERB,16,More than 50 drunk teenagers trashed a family home after spotting a Facebook post which said
news,VERB,VERB,16,At issue was a taped audio interview with Christopher Cornell and whether the station could broadcast
news,VERB,VERB,16,Arsenal manager Arsene Wenger believes his side cannot expect to just defend deep and look
news,VERB,VERB,16,The world's oldest pretzel has been discovered by archaeologists in Germany-and has lost
news,VERB,VERB,16,Arsene Wenger had raised fears on the eve of the game and as the downpour continued
news,VERB,VERB,17,Ajax manager Frank de Boer wants to emulate the way Arsenal play as the Dutch club bid
news,VERB,VERB,16,Barcelona manager Luis Enrique has asked the club to sign Atletico Madrid midfielder Koke to replace
news,VERB,VERB,18,"A man was caught trying to smuggle more than $770,000 out of the U.S. in cash hidden"
news,VERB,VERB,16,"Christie, 54, is the subject of an ITV4 documentary on Tuesday, which offers"
news,VERB,VERB,16,LaMarcus Aldridge believes his Portland Trail Blazers side have learned from last season's NBA play
news,VERB,VERB,16,The Prime Minister said that he 'loves public service' and would continue to serve
news,VERB,VERB,17,A dog is dead and two people are being questioned by authorities after a pickup truck drove
news,VERB,VERB,16,Prosecutors want panels of the boat in which Boston Marathon bombing suspect Dzhokhar Tsarnaev was found
news,DET,DET,16,"Olive oil has long been linked with lower levels of cholesterol, blood pressure and a"
news,DET,DET,16,Southampton's early exit from the FA Cup means that Ronald Koeman's side have a
news,DET,DET,16,Sam Allardyce's uneasy relationship with the locals at West Ham United is down to the
news,DET,DET,16,"Fuel retailers are ripping off the public and businesses on diesel charges, according to the"
news,DET,DET,16,The 67-year-old former first lady did not acquire nor use a
news,DET,DET,16,Louis Van Gaal said this week it could take £60million man Angel di Maria a
news,DET,DET,16,"India’s groundbreaking Mars Orbiter Mission (Mom) has returned stunning images, revealing an"
news,DET,DET,16,Winston Churchill planned to tempt America into joining World War Two by offering the country a
news,DET,DET,16,Peter Lawwell called it the ‘Le Guen hump’ and for certain Celtic players the
news,DET,DET,16,The entire field is separated by just six shots heading into the final round of the
news,DET,DET,17,England have the biggest representation on a 12-strong shortlist announced by tournament organisers for this
news,DET,DET,17,"The Hoops have been ordered to pay £5,861 after collecting five or more cautions during the"
news,DET,DET,16,"Lisa Orsi, who died in Singapore this morning after suffering extreme altitude sickness on a"
news,DET,DET,21,"The Ukrainian side advanced to the quarter-finals of the competition, with a 5-2 win on the"
news,DET,DET,16,The NewsTribune reports that the Aurora teenager hopped a wooden railing and left a
news,DET,DET,16,"Disregarding Israel's already strained bilateral relations with the United States, Netanyahu readily risked the"
news,DET,DET,17,"ARCA driver Will Kimmel was uninjured after flying over a concrete retaining wall, flipping into a"
news,DET,DET,18,"To mark the launch of the Jeff Astle Foundation, the Baggies will don a replica of the"
news,DET,DET,16,"However, when the teenager returned to classes at West St. Francis County R-4 this"
news,DET,DET,16,Authorities in Deer Park say a manager from the store followed a foul odor to a
news,ADJ,ADJ,16,Apple’s Touch ID is fast and accurate-until your hand is even the slightest
news,ADJ,ADJ,16,"Edward Metcalfe claimed that the death of Tracey Topliss, 47, had been a tragic"
news,ADJ,ADJ,16,Australian Taxation Office (ATO) agents have been found to have engaged in 'conscious
news,ADJ,ADJ,16,Not even the re-introduction of top goalscorer Adam Johnson-on as a second
news,ADJ,ADJ,18,The Deputy Prime Minister and Lib Dem leader will give an exclusive interview to the world's biggest
news,ADJ,ADJ,16,The Copa del Rey final is making headlines in Spain as the venue of the prestigious
news,ADJ,ADJ,17,Former US child prodigy Freddy Adu has finally found a new club after signing for Finnish
news,ADJ,ADJ,16,"Burrowed underground, a grubby five-year-old boy peeks expectantly around a makeshift"
news,ADJ,ADJ,23,"Around 1,000 youngsters from China and Russia are paying up to £15,000 a year to attend a handful of England's best"
news,ADJ,ADJ,17,The 47-year-old Uruguayan was sacked on Monday in the wake of an horrendous
news,ADJ,ADJ,17,The Italy international announced he was the father to the two-year-old a little
news,ADJ,ADJ,21,The heartbroken parents of a beautiful four-week-old baby boy who died due to complications arising from whooping
news,ADJ,ADJ,16,"Each of the 1,000 pieces in the '1000 Colours' puzzle is a completely different"
news,ADJ,ADJ,24,Formula One champion and Australian Grand Prix winner Lewis Hamilton has responded to calls for changes to tackle Mercedes' dominance by saying other
news,ADJ,ADJ,16,"Consumption of eggs rose by 2.4 per cent in 2014, the equivalent of 700,000 extra"
news,ADJ,ADJ,20,Thousands of British holidaymakers were trapped in the French Alps after a giant 50-tonne boulder blocked a main
news,ADJ,ADJ,19,"No 1 Novak Djokovic back in January, while after reaching the semi-final in Indian Wells last"
news,ADJ,ADJ,17,"Prince Harry, who set up Sentebale, a charity that provides healthcare and education to vulnerable"
news,ADJ,ADJ,16,Vera Kowalski (pictured) arrived in Adelaide airport this morning and travelled to the remote
news,ADJ,ADJ,17,The move follows a public outcry after an image of a woman going topless in the common
news,PRON,PRON,16,"From cute animals to Benedict Cumberbatch and even the Queen, it seems that virtually everyone"
news,PRON,PRON,16,A stripper is accused of almost killing a Canadian tourist in Miami after plowing into him
news,PRON,PRON,16,West Midlands Police released the footage in a bid to trace the young man who
news,PRON,PRON,16,"Unsurprisingly, celebrity chefs such as Anthony Bourdain and Donatella Arpaia want more from their"
news,PRON,PRON,16,Bournemouth let their promotion rivals steal a march at the top of the Championship after they
news,PRON,PRON,17,Both fighters can expect to be tested under the US Anti-Doping Association programme to which
news,PRON,PRON,20,"The pair is part of a group of experts, known collectively as the Future of Life Institute, who"
news,PRON,PRON,16,"Now, scientists believe the first four-limbed vertebrates, known as tetrapods, that"
news,PRON,PRON,16,A derelict block of public toilets certainly doesn't jump to mind when thinking of your
news,PRON,PRON,20,Jose Mourinho has hit out at Sportsmail columnist Jamie Carragher and his fellow Sky Sports pundit Graeme Souness following their
news,PRON,PRON,23,"In documents lodged at the Central London Employment Tribunal, the father-of-three from Maidstone in Kent, said he"
news,PRON,PRON,20,"There is plenty of potential the case, King v. Burwell, will succeed in halting the insurance subsidies that"
news,PRON,PRON,19,There was growing outrage last night that Stephen Hester will get such a huge sum from a bank that
news,PRON,PRON,16,"With the Spanish giants trailing 1-0 at San Mames, the Welshman produced what"
news,PRON,PRON,23,The politician allegedly replied as 'B***h Boy' to an advert the adult actress put out looking for a submissive client who
news,PRON,PRON,19,Under the new regime banks will have to consult with local communities before any branch closure and ensure there
news,PRON,PRON,22,"Now in a new episode of Britain's Darkest Taboos, which aired yesterday on the CI channel, Franky, her"
news,PRON,PRON,16,The pair arranged to go on holiday together in Istanbul and Tracy said at first it
news,PRON,PRON,25,The new colour scheme was displayed on the team's Twitter page with the hashtag '#BackInColour' as Red Bull returned to their
news,PRON,PRON,16,"Soon after Andrew Chan and Myuran Sukumaran were denied clemency, Dwi Trisna Firmansyah had his"
news,AUX,AUX,16,"Tatil, a Finnish lightweight, has lost just once in 25 fights while Sims has"
news,AUX,AUX,16,An Afghan woman who was savagely beaten to death in the streets of Kabul was
news,AUX,AUX,16,John Prescott was accused of being an 'apologist for terrorism' after saying Britain was
news,AUX,AUX,16,A woman whose fiancé passed away suddenly while at work has won a battle to be
news,AUX,AUX,16,"Saudi Arabia has launched military operations in neighboring Yemen, where for months Houthi rebels have"
news,AUX,AUX,18,Estonian driver Ott Tanak was back in the Rally of Mexico on Saturday after his submerged Ford was
news,AUX,AUX,18,"A version of the worrying video, distorted here to protect the identities of the children, has"
news,AUX,AUX,18,Robson is not said to have suffered any major setback but wants to be sure the area is
news,AUX,AUX,17,"The band's Wikipedia page was also quickly updated with a sentence,""Zayn Malik was"
news,AUX,AUX,19,"The Spanish winger, bought for £3.25m by Paul Lambert in the January transfer window, has"
news,AUX,AUX,18,A woman who was caught on CCTV performing a sex act on a man in a lift has
news,AUX,AUX,17,"Ten bridges feature in the collection of first-class stamps, while a special postmark will"
news,AUX,AUX,17,"Called ""Confirmation,"" the telepic—which is in development from HBO Films—will"
news,AUX,AUX,16,"Philippa Perry, 57, has claimed that easy access to explicit videos and images has"
news,AUX,AUX,16,"Punishment for troll: Jason 'Jay' Page, 20, from Telford, has"
news,AUX,AUX,19,The professor of education at Cambridge University called for further measures to ensure more students from disadvantaged backgrounds were
news,AUX,AUX,19,"In the sunshine, the village looked pristine, with pretty wooden chalets stacked against mountain pastures which would"
news,AUX,AUX,17,"Debbie Hughes, 57, pictured on today's Lorraine said there are no downsides to being"
news,AUX,AUX,19,"QPR appointed Ramsey last month unexpectedly after Harry Redknapp left the club, and Pardew believes the appointment was"
news,AUX,AUX,23,"Mrs Pantazis and her husband Bill, 36, are in the middle of building a house, and said that Eli has"
news,CCONJ+SCONJ,CCONJ,16,The sound designer for the 1993 firm has revealed some secrets of Jurassic Park-and
news,CCONJ+SCONJ,SCONJ,16,The slow start to the nation's tornado season came to a blustery end Wednesday when
news,CCONJ+SCONJ,CCONJ,16,A man who tipped the scales at 35 stone due to years of binge drinking and
news,CCONJ+SCONJ,SCONJ,16,Students at a high school in southern California returned to class on Monday to discover that
news,CCONJ+SCONJ,CCONJ,17,The Swede scored 20 goals when on loan in Rotterdam in the 2011-12 season and
news,CCONJ+SCONJ,SCONJ,16,A German professor has been forced to apologise for declining an Indian student's internship because
news,CCONJ+SCONJ,SCONJ,16,A lovesick American teenager almost died after getting drunk and nearly drowning in a river when
news,CCONJ+SCONJ,SCONJ,17,There is also a feeling at a club that has a history of brilliant front threes that
news,CCONJ+SCONJ,SCONJ,16,Egyptian authorites have launched an investigation after a European porn star filmed a graphic movie while
news,CCONJ+SCONJ,SCONJ,17,The England goalkeeper has backed his Manchester City team-mate ahead of the Barcelona star when
news,CCONJ+SCONJ,SCONJ,17,Tiger Woods has dropped out of the world's top 100 golfers for the first time since
news,CCONJ+SCONJ,CCONJ,16,Novak Djokovic is the ultimate problem for everyone in men’s tennis to solve—and
news,CCONJ+SCONJ,SCONJ,18,"The Washington County coroner announced Shanice Clark's cause of death on Monday, nearly two months after"
news,CCONJ+SCONJ,CCONJ,20,"New Zealand snoops on the phone calls, emails, Internet browsing sessions and online chats of government ministers and"
news,CCONJ+SCONJ,SCONJ,16,The adopted son of convicted child molester Jerry Sandusky still lives in the Pennsylvania town where
news,CCONJ+SCONJ,CCONJ,21,"The research, which tracked participants for 18 months, suggests there is a fine line between self-esteem and"
news,CCONJ+SCONJ,CCONJ,17,The bulb contains a filament-shaped LED coated in the super-strong carbon and
news,CCONJ+SCONJ,CCONJ,16,"Australian Federal Police officers seized $2.1 million in cash, a $90,000 car and"
news,CCONJ+SCONJ,CCONJ,17,"Adam Lanza, 20, used the assault rifle to kill 20 first-grade students and"
news,CCONJ+SCONJ,SCONJ,22,"Characters from the likes of Toy Story and Lord of the Rings were also featured in entertaining send-ups, as"
news,ADV,ADV,16,If you like the idea of having a conversation with your pet cat then you better
news,ADV,ADV,17,A Buddha statue containing a mummified monk was actually stolen from a village temple twenty years ago
news,ADV,ADV,16,Brighton midfielder Rohan Ince is being chased by a host of top-flight clubs ahead
news,ADV,ADV,16,Kris Commons says he wants Celtic’s arch-rivals Rangers in the Scottish Premiership as
news,ADV,ADV,16,UFC president Dana White was forced to hold featherweight champion Jose Aldo and Conor McGregor apart
news,ADV,ADV,17,"Detective Superintendent Brent Warren told the ABC that two boys, aged five and six, allegedly"
news,ADV,ADV,17,"Police officers in Lancaster County, Nebraska, stopped the man's vehicle at around 9 p.m."
news,ADV,ADV,21,Fishermen have found the body of an English cyclist floating in the sea off one of the French Riviera’s most
news,ADV,ADV,17,Former Wimbledon tennis champion Boris Becker arrived at tonight's Champions League fixture at Stamford Bridge inadvertently
news,ADV,ADV,20,The victim of a road rage shooting in Houston rush-hour traffic has been released after the hospital just
news,ADV,ADV,18,Everton manager Roberto Martinez hailed the Toffees'2-1 win against QPR as the 'most
news,ADV,ADV,23,"Miss Stuart's father, Don Stuart, told KTLA that his daughter had lost weight since the photos (seen above"
news,ADV,ADV,24,"Richard Burnett, the chief executive of the Road Haulage Association, told the Telegraph: 'We need George Osborne to dig deep"
news,ADV,ADV,16,"Malcolm Fraser adored the Whitney Houston film The Bodyguard, pigged out eating ice cream straight"
news,ADV,ADV,16,One in four picked the Merseyside MP and former arch Blairite whose politics have become notably
news,ADV,ADV,20,A video showing Johnson bleeding from his head while being held down by an officer in Charlottesville was shared widely
news,ADV,ADV,18,"Alexandra 'Al' Capone, 40, from Worthing, West Sussex, was arrested after allegedly"
news,ADV,ADV,18,"If your name's not down...: Membership of the club is based on creativity, rather"
news,ADV,ADV,23,"Mauled: McKinley Worthington, right with his father, Aaron, was bitten by the dog during a family day out"
news,ADV,ADV,16,Travis says he thinks the girls hit a bump causing McKinzy to fall out head first
wiki,NOUN,NOUN,16,"Direct connection ramps (two levels), eliminating the left exits of the modified cloverleaf"
wiki,NOUN,NOUN,16,"Eastern Area Command, considered a de facto operational headquarters owing to the preponderance of combat"
wiki,NOUN,NOUN,16,"I don't preach my atheism, but I have a huge amount of respect"
wiki,NOUN,NOUN,16,"However, Lee sent more ammunition and gunpowder over from the mainland, and the defenders"
wiki,NOUN,NOUN,16,"In 1884, the mill was sold by auction, and Henry Bryant purchased the freehold"
wiki,NOUN,NOUN,16,"Though Camp Zachary Taylor was abandoned after World War I, Fort Knox became the home"
wiki,NOUN,NOUN,16,"At any rate, the imperial envoys did not get back to Yunnan in due time"
wiki,NOUN,NOUN,16,"After Edson's Ridge, the Japanese continued to send troops to Guadalcanal for further attempts"
wiki,NOUN,NOUN,16,"Thirteen Years Later ""as being"" one of the most gruelling "" of the series"
wiki,NOUN,NOUN,16,"The current name was said to be subject to further change, prior to the release"
wiki,NOUN,NOUN,16,I have always hated anybody who is not tolerant of gay men or lesbians or bisexuals
wiki,NOUN,NOUN,16,"During the band's first show in New York City following the attacks, the band"
wiki,NOUN,NOUN,16,"Following the end of the early fighting, the Australian advance towards the main Japanese concentration"
wiki,NOUN,NOUN,16,In ancient times the sculpture was broken and the upper portion was moved to the summit
wiki,NOUN,NOUN,16,Thunderstorms in the summer months tend to be more isolated and often produce dry lightning strikes
wiki,NOUN,NOUN,16,"Berea College, a private college in eastern Kentucky that had been integrated since the 1850s"
wiki,NOUN,NOUN,16,B 'alaj Chan K 'awiil was installed on the throne of the new outpost
wiki,NOUN,NOUN,16,"The private lands are mainly used for ranching along mountain streams, while the BLM lands"
wiki,NOUN,NOUN,16,"Capturing the gunboats in a bloodless attack, Cooke then released his prisoners and sailed southwards"
wiki,NOUN,NOUN,16,"Victoria was subsequently used for patrol duties and logistic support, although a number of personnel"
wiki,PROPN,PROPN,16,"New Line was reported to be negotiating with Gordon to return as director, with Bateman"
wiki,PROPN,PROPN,16,"A final ""weak"" attack by the Kuma unit on the evening of 15 September"
wiki,PROPN,PROPN,16,"The first contingents of infantry from Victoria, South Australia, Western Australia, and Tasmania"
wiki,PROPN,PROPN,16,North Korean forces continued toward the port of Pusan and two days later the United States
wiki,PROPN,PROPN,16,"As a part of these, the 24th Infantry Battalion sent a company across the Hongorai"
wiki,PROPN,PROPN,16,"The song, particularly in the refrain, conflates race and economics by referring to Caucasians"
wiki,PROPN,PROPN,16,"The Meridian Downtown Historic District is a combination of two older districts, the Meridian Urban"
wiki,PROPN,PROPN,16,"In Australia, the song was reworked as ""Canberra Blues"" by The Bitter Lemons"
wiki,PROPN,PROPN,16,"Tim Hardaway, Jr. was named the Big Ten Player of the Week, and Trey"
wiki,PROPN,PROPN,16,"Cole Trickle, the main character in the movie Days of Thunder, played by Tom"
wiki,PROPN,PROPN,16,"The colonies had gained responsible government between 1855 and 1890, and while the Colonial Office"
wiki,PROPN,PROPN,16,"The film likely had a wide national release, with advertisements in theaters known in Indiana"
wiki,PROPN,PROPN,16,"In 1920, the King's International Highway linked Vancouver, British Columbia, to Halifax"
wiki,PROPN,PROPN,16,"Other sports fields include the Meridian Jaycee Soccer Complex, Sykes Park, and Phil Hardin"
wiki,PROPN,PROPN,16,"As a part of the invasion force under the UN Supreme Commander, General Douglas MacArthur"
wiki,PROPN,PROPN,16,"Along major highways, the city is 93 mi (150 km) east of Jackson"
wiki,PROPN,PROPN,16,"As of October 2011, even though the old bridge was demolished and replaced, MDOT"
wiki,PROPN,PROPN,16,At Fire Support Bases Coral and Balmoral the Australians had clashed with regular North Vietnamese Army
wiki,PROPN,PROPN,16,"The mountains are about 150 miles (240 km) directly southwest of Boise, Idaho"
wiki,PROPN,PROPN,16,"Under the light of parachute flares dropped by at least one Japanese floatplane, the Marines"
wiki,PUNCT,PUNCT,16,"The state built a new bridge over the Manistique River in 1983, bypassing downtown."
wiki,PUNCT,PUNCT,16,"Richard Cohen for example, writing in the Washington Post, said in 1996: """
wiki,PUNCT,PUNCT,16,"Then as now, the borderlands mostly consist of forbidding terrains of high mountain ranges."
wiki,PUNCT,PUNCT,16,"Highland Park contains picnic shelters, swimming pools, tennis courts, a baseball field,"
wiki,PUNCT,PUNCT,16,That race saw a caution for rain with five laps left before the halfway point.
wiki,PUNCT,PUNCT,16,"There were not simply plans, but at least one (assassination) attempt,"""
wiki,PUNCT,PUNCT,16,"Sheela stated that Turner's grand jury investigation ""threatened the existence of the commune"""
wiki,PUNCT,PUNCT,16,Styles and Angle faced in a Lumberjack match on the June 12 episode of Impact!
wiki,PUNCT,PUNCT,16,"The fungus forms a white, woolly mycelium on the surface of decomposing oak leaves."
wiki,PUNCT,PUNCT,16,"The guerrillas looted the wrecked cabin and some of the suitcases strewn around the site,"
wiki,PUNCT,PUNCT,16,"In other reviews, the song was called: ""uplifting"",""exhilarating"""
wiki,PUNCT,PUNCT,16,The first game was contested against Hawke's Bay in Napier on 23 June 1888.
wiki,PUNCT,PUNCT,16,Bellecourt said he complained to the University of Colorado about this as early as 1986.
wiki,PUNCT,PUNCT,16,"Time also reported a rumour that two white youths, on learning of the massacre,"
wiki,PUNCT,PUNCT,17,"However, these forces were gradually reduced with the infantry battalion withdrawn from Singapore in 1973,"
wiki,PUNCT,PUNCT,16,"Headlam continued to serve with the squadron as a flight commander until 15 January 1940,"
wiki,PUNCT,PUNCT,17,"Meridian was home to two Carnegie libraries, one for whites and one for African Americans."
wiki,PUNCT,PUNCT,16,Al was a welder for pipe construction companies and Evelyn was a field office manager.
wiki,PUNCT,PUNCT,16,"The temple has been dated to about AD 700, in the Late Classic period,"
wiki,PUNCT,PUNCT,17,"Ayola has an interest in travel, and has visited Peru and Kenya among other destinations."
wiki,ADP+PART,ADP,16,"Lennertz attempted to remain ""authentic"" to the characters ' progression from average worker to"
wiki,ADP+PART,ADP,16,The center was found to have shifted towards the new convection leading to an increase in
wiki,ADP+PART,ADP,16,The other two companies waited at the edge of the jungle for reinforcements to arrive before
wiki,ADP+PART,ADP,16,"In 2006, Ayola was shortlisted for the 'Female Performance in TV' award in"
wiki,ADP+PART,ADP,16,"Jon Pareles of The New York Times wrote regarding Carey's live vocals,"" Beyond"
wiki,ADP+PART,ADP,16,The Upper Administrative Court in Hamburg explicitly asserted in 1994 that Scientology should be viewed as
wiki,ADP+PART,ADP,16,"Blythe testified that when he wanted to see the club before the concert, Lamb of"
wiki,ADP+PART,PART,16,"After Asuma's funeral, Shikamaru sets out with the surviving members of Team 10 to"
wiki,ADP+PART,ADP,16,Further income came from the sale of guide books and a drawing of the mill by
wiki,ADP+PART,ADP,16,"Other units included artillery and engineers, while a number of RAN ships were involved in"
wiki,ADP+PART,ADP,16,The concept of the title sequence is to represent Bond trying to survive 14 months of
wiki,ADP+PART,ADP,16,Major streams that flow off the north slopes of the mountains include (from west to
wiki,ADP+PART,ADP,16,"On and around the ridge, the Marines counted 500 Japanese dead, including 200 on"
wiki,ADP+PART,ADP,19,"In 2006, the American Public Works Association named the High Five Interchange as "" Public Works Projects of"
wiki,ADP+PART,ADP,16,"One such paper is the Memo Digest, a ten to twenty page publication published during"
wiki,ADP+PART,ADP,18,"In the latter half of the 6th century AD, a serious crisis befell the city, with"
wiki,ADP+PART,ADP,16,"Lyrically outlining the horrors to come, while musically laying the groundwork for the rest of"
wiki,ADP+PART,ADP,16,US 2 in Hurley westward along State Trunk Highway 77 and northward along US 51 in
wiki,ADP+PART,PART,16,"The band were signed to Def Jam Records whose distributor, Columbia Records, refused to"
wiki,ADP+PART,ADP,16,Australians took part in all of Bomber Command's major offensives and suffered heavy losses during
wiki,VERB,VERB,16,"The city council is the legislative arm of the government, setting policy and annually adopting"
wiki,VERB,VERB,16,"The following year, Q ranked the song at number 459 in a special edition titled"
wiki,VERB,VERB,16,"The site was defeated at the end of the Early Classic by Caracol, which rose"
wiki,VERB,VERB,16,"Loeb's Department Store on Front St has remained a Mississippi clothing landmark, having passed"
wiki,VERB,VERB,16,Josephine was located in an area which was supportive for rapid intensification but was not forecast
wiki,VERB,VERB,16,"Early in each year a large convoy known as the ""China Fleet"", composed"
wiki,VERB,VERB,16,"While there have been calls for Scientology to be banned, the Church of Scientology remains"
wiki,VERB,VERB,16,"Australian troops subsequently participated in two more major battles in 1951, with the first taking"
wiki,VERB,VERB,16,"Joseph T. McCann writes in Terrorism on American Soil "" Nevertheless, he was never prosecuted"
wiki,VERB,VERB,16,"The NZRFU sent an officially sanctioned New Zealand team, captained by Ellison, to tour"
wiki,VERB,VERB,16,"Wrestlers portrayed villains, heroes, or less distinguishable characters in the scripted events that built"
wiki,VERB,VERB,16,"The organization is a member of the National Congress of State Games, which is affiliated"
wiki,VERB,VERB,16,"Unlike the indigenous peoples of New Zealand and North America, on the main Aborigines failed"
wiki,VERB,VERB,16,"In Acapulco, 380 homes were inundated by flood waters, prompting evacuations in areas built"
wiki,VERB,VERB,16,"Passing Luzon, Cooke's ships encountered a small Spanish merchant vessel, which was lured"
wiki,VERB,VERB,18,"With the defenders forewarned, Cooke abandoned his ruse and after refloating Sybille the following morning, ordered"
wiki,VERB,VERB,17,"As part of the design, the spikes swayed slightly in the wind in order to withstand"
wiki,VERB,VERB,16,"With no one in the house to share the demo with, The Edge recalls dancing"
wiki,VERB,VERB,16,"The match was played in Swansea, and the lack of local players may have contributed"
wiki,VERB,VERB,16,The University of Colorado's Research Misconduct Committee conducted a preliminary investigation into whether Churchill misrepresented
wiki,DET,DET,16,"In the Simpsons opening, these locations were substituted with places in Springfield, and The"
wiki,DET,DET,16,Churchill told the Post that he had spent some time at the Chicago office of the
wiki,DET,DET,16,"Even before Meridian reached its ""Golden Age,"" several large hotels, including the"
wiki,DET,DET,16,"In 2005, the case was reopened by the state, which brought charges in the"
wiki,DET,DET,16,Another attendee of the concert who took the stand that day did not recall seeing any
wiki,DET,DET,16,Jon Waldman of the professional wrestling section of the Canadian Online Explorer rated the show a
wiki,DET,DET,16,"After a win over Runcorn, there was a defeat to Oldham, played on a"
wiki,DET,DET,16,"Robert Springer claims that the song is ""peripheral"" to the wider study of the"
wiki,DET,DET,16,Numerous small creeks are found throughout the city and small lakes and woodlands lie in the
wiki,DET,DET,16,"While most of these deployments involved only small numbers of specialists, several led to the"
wiki,DET,DET,16,"As Madonna finished the performance of the song ""Isaac"", she took off the"
wiki,DET,DET,19,These reinforcements allowed Vandegrift—beginning on 19 September—to establish an unbroken line of defense around the
wiki,DET,DET,16,"Bond engages Graves in a fist fight, and Jinx attempts to regain control of the"
wiki,DET,DET,18,"A short distance later, the road crosses New Jersey Transit ’ s Atlantic City Line near the"
wiki,DET,DET,19,"There are traces of early agriculture at the site dating as far back as 1000 BC, in the"
wiki,DET,DET,18,"Ayola studied at Windsor Clive Primary and Glan Ely High School, and was a member of the"
wiki,DET,DET,17,"Other healthcare facilities in Meridian include the Alliance Health Center and East Mississippi State Hospital, the"
wiki,DET,DET,17,Eventually the continued development of the railroads led to an influx of railroad workers who overruled the
wiki,DET,DET,20,"As a Chunin, Shikamaru is appointed the leader of a team to prevent Sasuke Uchiha from defecting to the"
wiki,DET,DET,19,The fixture against Wellington was nearly abandoned because Scott and the Wellington Rugby Union could not agree on a
wiki,ADJ,ADJ,16,"Stephen A. Kent, writing in 1998, noted that officials at all levels of German"
wiki,ADJ,ADJ,16,There is not much evidence from Tikal that the city was directly affected by the endemic
wiki,ADJ,ADJ,16,The 58th/59th Infantry Battalion took over responsibility for Slater's Knoll replacing the 25th
wiki,ADJ,ADJ,16,These broad causeways were built of packed and plastered limestone and have been named after early
wiki,ADJ,ADJ,16,"The actress insisted on wearing a brown wig for the role, wanting to look different"
wiki,ADJ,ADJ,16,"However, due to the location of the storm, there was a lack of accurate"
wiki,ADJ,ADJ,16,Asahi was fitted with a dummy wooden main battery fore and aft to resemble an old
wiki,ADJ,ADJ,16,The highway was moved to a new alignment west of Ferry in late 1947 or early
wiki,ADJ,ADJ,17,"The game's difficulty was disputed, described as ""impossible"" by Rand and "" average"
wiki,ADJ,ADJ,16,Despite the occasional rocket and mortar attacks launched on Kariba by ZIPRA guerrillas on the northern
wiki,ADJ,ADJ,16,"North American beavers live in and along streams, as do Pacific tree frogs, western"
wiki,ADJ,ADJ,16,As a consequence of the overall allied strategy of Vietnamization and with the Australian government keen
wiki,ADJ,ADJ,19,"After some delay, the US Army decided to abandon Fort Wayne and move its soldiers to a new"
wiki,ADJ,ADJ,18,This proposed freeway was intended to provide economic development to the region as well as provide a better
wiki,ADJ,ADJ,20,"On 13 April 2006 his portrait, drawn by Stuart Pearson Wright, was unveiled as part of a new"
wiki,ADJ,ADJ,19,"The match against Trinity College was drawn 4-4, and despite Keogh not playing, the Native"
wiki,ADJ,ADJ,16,"Ferrell signed on to appear in Steve Carell's final three episodes, and the first"
wiki,ADJ,ADJ,16,"Ayola has worked in theatre, film and television, appearing in a number of Shakespearean"
wiki,ADJ,ADJ,19,Vandegrift later stated that Kawaguchi's assault on the ridge in September was the only time during the entire
wiki,ADJ,ADJ,17,"Mengele's explorations were conducted on such groups as dwarfs and twins, and included both physical"
wiki,PRON,PRON,16,"The book features two other chapters, one listing US military interventions, another listing what"
wiki,PRON,PRON,16,"Jack's in a desperate measure, but the cashier (Snake Jailbird) convinces him"
wiki,PRON,PRON,16,The only major pieces of legislation passed during Beckham's term were a tax increase that
wiki,PRON,PRON,16,"Using the combined arms techniques developed earlier at Hamel, significant gains were made on what"
wiki,PRON,PRON,16,"Other notable natives include Miss America 1986 Susan Akin, James Chaney-an activist who"
wiki,PRON,PRON,16,"According to informant statements to law enforcement, one of the conspirators was to pretend there"
wiki,PRON,PRON,17,The 8th Division and RAAF squadrons in Malaya formed a part of the British Commonwealth forces which
wiki,PRON,PRON,20,"From 1870 to 1885, trustees appointed by the City Council served on the Board of School Directors, which"
wiki,PRON,PRON,18,"On April 15, 1991, Matthews and Langford appeared in federal court in Oregon, and both"
wiki,PRON,PRON,16,The tour returned to Riverside for the final race of the season where Richmond won his
wiki,PRON,PRON,17,"After AD 400 a row of tall pyramids was added to the earlier Northern Platform, which"
wiki,PRON,PRON,18,"Styles and Angle faced in a Lumberjack match on the June 12 episode of Impact!, which"
wiki,PRON,PRON,16,"Other notable natives include Miss America 1986 Susan Akin, James Chaney-an activist who"
wiki,PRON,PRON,16,"The plot follows three friends, played by Bateman, Day, and Sudeikis, who"
wiki,PRON,PRON,18,The Standing Committee on Research Misconduct accepted the findings of the Investigative Committee but also disagreed on what
wiki,PRON,PRON,21,The main plazas were surfaced with stucco and laid at a gradient that channelled rainfall into a system of canals that
wiki,PRON,PRON,18,"Regardless, the service branches were not linked by a single chain of command however, and each"
wiki,PRON,PRON,22,"The lyrics and music were written by Slayer guitarist, Jeff Hanneman and are based on Nazi physician Josef Mengele, who"
wiki,PRON,PRON,18,"A few Marines began yelling that the Japanese were attacking with poison gas, scaring other Marines who"
wiki,PRON,PRON,18,"Even healthy and experienced climbers report great difficulty on this route, and despite the fact that there"
wiki,AUX,AUX,16,"Randy's brother Mark Blythe said the charge was "" bogus and outrageous and will be"
wiki,AUX,AUX,16,The CGI work in this movie is an order of magnitude worse than anything I have
wiki,AUX,AUX,16,Prosecutors in the case stated that the perpetrators had planned to murder Turner after he was
wiki,AUX,AUX,16,"Sega had competition from Nintendo and its mascot, Mario, in mind; Nintendo was"
wiki,AUX,AUX,16,"During the Hiatus a third stage was built over the earlier constructions, the stairway was"
wiki,AUX,AUX,16,"The two species are very similar, and can be crossed artificially, although hybrids are"
wiki,AUX,AUX,16,"The Marines were defending the Lunga perimeter that guarded Henderson Field on Guadalcanal, which was"
wiki,AUX,AUX,19,"In an emergency session, the top Japanese army and navy command staffs concluded that,"" Guadalcanal might"
wiki,AUX,AUX,17,"This central core was lifted into place in August 2004, after which the 180 spikes could"
wiki,AUX,AUX,19,The state later included these trails as part of M-12 when the first state highway trunklines were
wiki,AUX,AUX,17,The Constitutional Court and various courts at the state level have not explicitly ruled that Scientology is
wiki,AUX,AUX,16,"Cambridge coach Duncan Holland congratulated his opponents: "" Well done to Oxford, they were"
wiki,AUX,AUX,23,"On 30 October 1901, Victorians of the Scottish Horse Regiment also suffered heavy casualties at Gun Hill, although 60 Boers were"
wiki,AUX,AUX,22,Oka's force would attack the perimeter from the west while Ichiki's Second Echelon—renamed the Kuma Battalion—would
wiki,AUX,AUX,16,"New oak joists were fitted, along with some salvaged from the original floor which were"
wiki,AUX,AUX,16,"The Mongols, who were still trying to incorporate Yunnan into the central administration, were"
wiki,AUX,AUX,21,Missourians in favor of slavery soon moved to Kansas to try to sway the vote of whether or not Kansas would
wiki,AUX,AUX,19,The enantiomeric excess was unaffected by use of 50 mol % of the copper complex but the yield was
wiki,AUX,AUX,26,"German courts have so far not resolved whether Scientology should be accorded the legal status of a religious or worldview community, and different courts have"
wiki,AUX,AUX,23,"A promotional video for ""Back Off Boogaloo"" was shot on 20 March at Lennon's Tittenhurst Park residence while Starr was"
wiki,CCONJ+SCONJ,SCONJ,16,"As the local sheriff guides Black and Hollis through the murder scene, Black realizes that"
wiki,CCONJ+SCONJ,CCONJ,16,"The force consisted of motorised infantry, special forces, engineers, cavalry, artillery and"
wiki,CCONJ+SCONJ,CCONJ,16,"At that time the sculpture was closed off to the public, and the junction and"
wiki,CCONJ+SCONJ,CCONJ,16,"Today the fort is open throughout the year, save for Thanksgiving, Christmas, and"
wiki,CCONJ+SCONJ,CCONJ,16,"The head of the Jockey Club, James B. Brown, had lost his fortune and"
wiki,CCONJ+SCONJ,CCONJ,18,"To connect the gap in the routing where US 2 cuts through Wisconsin, M-95 and"
wiki,CCONJ+SCONJ,CCONJ,16,The name was apparently applied to one of the site's ancient reservoirs by hunters and
wiki,CCONJ+SCONJ,SCONJ,19,"Equipped with Lockheed Hudsons, the squadron mainly conducted maritime patrols in southern waters until 5 December, when"
wiki,CCONJ+SCONJ,SCONJ,17,The Australian contribution was the first time Australian personnel were deployed to an active war zone since
wiki,CCONJ+SCONJ,CCONJ,17,"The site became an outpost of Tikal, shielding it from hostile cities further north, and"
wiki,CCONJ+SCONJ,CCONJ,19,"The video featured live performances of Carey at different worldwide venues including New York, Japan, Hawaii and"
wiki,CCONJ+SCONJ,SCONJ,16,"Following the side's return to New Zealand, the Otago Rugby Football Union demanded that"
wiki,CCONJ+SCONJ,CCONJ,17,These attacks sought to cut the Allied supply lines between Australia and the US and Australia and
wiki,CCONJ+SCONJ,CCONJ,16,"Meridian Community College, founded in 1937, is located at 910 Highway 19 N and"
wiki,CCONJ+SCONJ,CCONJ,18,"The Royal Australian Navy also served in Malayan waters, firing on suspected communist positions between 1956 and"
wiki,CCONJ+SCONJ,CCONJ,19,"The 2nd Division then took part in the Second Battle of Bullecourt, beginning on 3 May, and"
wiki,CCONJ+SCONJ,CCONJ,16,The bridge is another spandrel arch structure 60 feet (18m) in length and
wiki,CCONJ+SCONJ,SCONJ,16,"McCarty played a more limited role in the West Finals against the BC Lions, where"
wiki,CCONJ+SCONJ,CCONJ,24,"The Trout Creek Mountain Working Group was formed in 1988 to help resolve disagreements among livestock owners, environmentalists, government agencies, and"
wiki,CCONJ+SCONJ,CCONJ,17,When moist air from the Pacific Ocean moves eastward over the Oregon and California coastal ranges and
wiki,ADV,ADV,16,"The community of Twin Lakes lies at the base of Mount Elbert, Denver is about"
wiki,ADV,ADV,16,"In one verse, Bragg claims that the Iraq War was not for democracy but instead"
wiki,ADV,ADV,16,"Despite experiencing arduous conditions the Australians were not heavily involved in battle, and were primarily"
wiki,ADV,ADV,16,"By 2007, there were ten major centres (""Scientology Churches""), as"
wiki,ADV,ADV,16,"The standard route ascends the peak from the east, starting from the Colorado Trail just"
wiki,ADV,ADV,16,"The side faced Hawke's Bay, who were touring, in Christchurch, and handily"
wiki,ADV,ADV,17,"In fact, with a mince pie for a basis the flavor comes to resemble brandy very"
wiki,ADV,ADV,17,"Starr's former Beatles bandmate George Harrison produced the recording, which took place in London shortly"
wiki,ADV,ADV,22,More might have been achieved with reinforcements: Historian C. Northcote Parkinson suggests that had Cooke's squadron united with Resistance together
wiki,ADV,ADV,18,"After Federation in 1901, eight Australian Commonwealth Horse battalions of the newly created Australian Army were also"
wiki,ADV,ADV,24,"Deploying just a single aircraft to German New Guinea in 1914, the first operational flight did not occur until 27 May 1915 however"
wiki,ADV,ADV,17,"Built as a part of a raceway flume on the river, the water level is actually"
wiki,ADV,ADV,21,"At one point, Eno had the tapes cued up and ready to be recorded over, but this erasure never"
wiki,ADV,ADV,20,The combined Australian and New Zealand Army Corps (ANZAC)—commanded by British general William Birdwood—subsequently
wiki,ADV,ADV,20,"Parker had sent out some ships on scouting expeditions up and down the coast, and reports on the partially"
wiki,ADV,ADV,19,"The mountains are about 150 miles (240 km) directly southwest of Boise, Idaho, and about"
wiki,ADV,ADV,24,"Towards the end of the song, the police tell the crew that the performance is about to be shut down, and eventually"
wiki,ADV,ADV,18,"Foxx described the appearance as "" a guy who maybe went to jail for a minute and now"
wiki,ADV,ADV,16,The 17th Army—heavily involved with the Japanese campaign in New Guinea—had only
wiki,ADV,ADV,26,"From 1951 until the end of the war, 3 RAR held trenches on the eastern side of the division's positions in the hills northeast"
